-- COMPLETE DEMO ACCOUNT IMPORT FROM PRIVATE DATABASE
-- This script contains all 63 carriers, 12 MGAs, and 78 commission rules
-- Run this in PRODUCTION Supabase SQL Editor

-- STEP 1: DELETE EXISTING DEMO DATA
DELETE FROM commission_rules WHERE user_email = 'Demo@AgentCommissionTracker.com';
DELETE FROM carrier_mga_relationships WHERE user_email = 'Demo@AgentCommissionTracker.com';
DELETE FROM mgas WHERE user_email = 'Demo@AgentCommissionTracker.com';
DELETE FROM carriers WHERE user_email = 'Demo@AgentCommissionTracker.com';

-- STEP 2: INSERT 63 CARRIERS
INSERT INTO carriers (carrier_id, carrier_name, status, user_email) VALUES ('ef292d2d-7090-40b6-bbc5-77d8b29753ad', 'AAA', 'Active', 'Demo@AgentCommissionTracker.com');
INSERT INTO carriers (carrier_id, carrier_name, status, user_email) VALUES ('788ca1bf-5cd5-487e-bafb-b3cab5137f51', 'Allrisk', 'Active', 'Demo@AgentCommissionTracker.com');
INSERT INTO carriers (carrier_id, carrier_name, status, user_email) VALUES ('306c84ed-6204-4122-9ab7-034d0dcdbd97', 'American Builders ', 'Active', 'Demo@AgentCommissionTracker.com');
INSERT INTO carriers (carrier_id, carrier_name, status, user_email) VALUES ('19b813b8-37ab-4ca7-ac53-f8505cefefa9', 'American Integrity', 'Active', 'Demo@AgentCommissionTracker.com');
INSERT INTO carriers (carrier_id, carrier_name, status, user_email) VALUES ('c9beaed2-3fb5-4446-b5c0-c266c651aea5', 'American Traditions', 'Active', 'Demo@AgentCommissionTracker.com');
INSERT INTO carriers (carrier_id, carrier_name, status, user_email) VALUES ('f344bcae-cc94-4035-aee2-86bfabe2eec1', 'Attune', 'Active', 'Demo@AgentCommissionTracker.com');
INSERT INTO carriers (carrier_id, carrier_name, status, user_email) VALUES ('d4e92de2-a268-459a-afd4-4a43c9a489fd', 'biBerk', 'Active', 'Demo@AgentCommissionTracker.com');
INSERT INTO carriers (carrier_id, carrier_name, status, user_email) VALUES ('4fa9aabe-af63-466e-95f8-46c42b11970f', 'Bristol West', 'Active', 'Demo@AgentCommissionTracker.com');
INSERT INTO carriers (carrier_id, carrier_name, status, user_email) VALUES ('ba84dc56-c0d8-46c9-bac5-3ab69f86344a', 'Burlington', 'Active', 'Demo@AgentCommissionTracker.com');
INSERT INTO carriers (carrier_id, carrier_name, status, user_email) VALUES ('b72a5abf-01bc-4c3f-a16b-706479ae61be', 'Cabrillo', 'Active', 'Demo@AgentCommissionTracker.com');
INSERT INTO carriers (carrier_id, carrier_name, status, user_email) VALUES ('96f97131-66a2-4751-b0a1-52e44a761600', 'Century Surety Company', 'Active', 'Demo@AgentCommissionTracker.com');
INSERT INTO carriers (carrier_id, carrier_name, status, user_email) VALUES ('c56b476c-9d1d-43e2-b8bb-8a837d1f10ab', 'Chubb', 'Active', 'Demo@AgentCommissionTracker.com');
INSERT INTO carriers (carrier_id, carrier_name, status, user_email) VALUES ('c9d958e0-0eb8-42c9-80ac-ef68502f3b60', 'Citizens', 'Active', 'Demo@AgentCommissionTracker.com');
INSERT INTO carriers (carrier_id, carrier_name, status, user_email) VALUES ('aca65703-aeb1-4734-98ad-5a041875d901', 'CNA', 'Active', 'Demo@AgentCommissionTracker.com');
INSERT INTO carriers (carrier_id, carrier_name, status, user_email) VALUES ('143b24d8-cbce-4bd6-83bf-017268dfba05', 'Edison', 'Active', 'Demo@AgentCommissionTracker.com');
INSERT INTO carriers (carrier_id, carrier_name, status, user_email) VALUES ('ba7cc9d9-4fef-4e81-a95d-7980d39b6db0', 'Evanston Insurance Company', 'Active', 'Demo@AgentCommissionTracker.com');
INSERT INTO carriers (carrier_id, carrier_name, status, user_email) VALUES ('1d581c09-71fa-4006-806a-fb120473c9bc', 'Federated National', 'Active', 'Demo@AgentCommissionTracker.com');
INSERT INTO carriers (carrier_id, carrier_name, status, user_email) VALUES ('755c688f-c703-4f93-ba21-f891581d33e4', 'First Comp', 'Active', 'Demo@AgentCommissionTracker.com');
INSERT INTO carriers (carrier_id, carrier_name, status, user_email) VALUES ('4b7e886f-3cd6-46a0-8511-9bba7c1c19b3', 'Florida Peninsula', 'Active', 'Demo@AgentCommissionTracker.com');
INSERT INTO carriers (carrier_id, carrier_name, status, user_email) VALUES ('b66d51cb-ae0b-4e35-b158-48977e02730f', 'Foremost', 'Active', 'Demo@AgentCommissionTracker.com');
INSERT INTO carriers (carrier_id, carrier_name, status, user_email) VALUES ('ed62a40c-8e4f-4abb-98ff-1d66c0ff7cdc', 'Great Lakes', 'Active', 'Demo@AgentCommissionTracker.com');
INSERT INTO carriers (carrier_id, carrier_name, status, user_email) VALUES ('8fbf5b1a-6882-4c9d-91d7-129b628e7d38', 'GuideOne National', 'Active', 'Demo@AgentCommissionTracker.com');
INSERT INTO carriers (carrier_id, carrier_name, status, user_email) VALUES ('fa27a2c8-44b1-4889-afd9-54a39ef89cb5', 'Hagerty', 'Active', 'Demo@AgentCommissionTracker.com');
INSERT INTO carriers (carrier_id, carrier_name, status, user_email) VALUES ('9b379e14-1ac2-492e-900a-d8f4b1cdddfe', 'Hartford', 'Active', 'Demo@AgentCommissionTracker.com');
INSERT INTO carriers (carrier_id, carrier_name, status, user_email) VALUES ('55a10f3a-3ff0-4476-825d-d1464c940771', 'Hartford Flood FL', 'Active', 'Demo@AgentCommissionTracker.com');
INSERT INTO carriers (carrier_id, carrier_name, status, user_email) VALUES ('9825c606-52ee-4038-b381-ba7b5ac6d24c', 'Heritage', 'Active', 'Demo@AgentCommissionTracker.com');
INSERT INTO carriers (carrier_id, carrier_name, status, user_email) VALUES ('4fcc6514-ae41-4d88-baf0-c13922884219', 'Hiscox', 'Active', 'Demo@AgentCommissionTracker.com');
INSERT INTO carriers (carrier_id, carrier_name, status, user_email) VALUES ('532ba993-088d-4b2e-8463-c0ac2104ae09', 'Insurance Company of the West "ICW"', 'Active', 'Demo@AgentCommissionTracker.com');
INSERT INTO carriers (carrier_id, carrier_name, status, user_email) VALUES ('b09d3fff-88a1-43d2-9c12-702e07dcd44e', 'Kinsale Insurance Company', 'Active', 'Demo@AgentCommissionTracker.com');
INSERT INTO carriers (carrier_id, carrier_name, status, user_email) VALUES ('fa3045d2-b097-4d5a-8e11-519d15a7f751', 'Lloyd''s', 'Active', 'Demo@AgentCommissionTracker.com');
INSERT INTO carriers (carrier_id, carrier_name, status, user_email) VALUES ('487864a6-8261-4f02-9dd6-09f5668a4721', 'Markel', 'Active', 'Demo@AgentCommissionTracker.com');
INSERT INTO carriers (carrier_id, carrier_name, status, user_email) VALUES ('030b925d-9397-403f-921a-ba69bb17449c', 'Mercury', 'Active', 'Demo@AgentCommissionTracker.com');
INSERT INTO carriers (carrier_id, carrier_name, status, user_email) VALUES ('976e8f47-4258-4245-a138-10418df56c40', 'MidSouth Mutual', 'Active', 'Demo@AgentCommissionTracker.com');
INSERT INTO carriers (carrier_id, carrier_name, status, user_email) VALUES ('bac81741-e7b1-4725-8250-7bf4a6910df0', 'Monarch', 'Active', 'Demo@AgentCommissionTracker.com');
INSERT INTO carriers (carrier_id, carrier_name, status, user_email) VALUES ('284046f3-f4a7-444a-8d70-ffdb029f901b', 'Mount Vernon Fire Insurance Company', 'Active', 'Demo@AgentCommissionTracker.com');
INSERT INTO carriers (carrier_id, carrier_name, status, user_email) VALUES ('4b2213e5-a8eb-4b5c-bf35-e81532fa21ec', 'National General', 'Active', 'Demo@AgentCommissionTracker.com');
INSERT INTO carriers (carrier_id, carrier_name, status, user_email) VALUES ('236b46a0-b96e-4142-8dc6-bfc668bdce83', 'National General Flood', 'Active', 'Demo@AgentCommissionTracker.com');
INSERT INTO carriers (carrier_id, carrier_name, status, user_email) VALUES ('7a83b665-0ae8-4c1f-87a7-3d6e56405b29', 'Neptune', 'Active', 'Demo@AgentCommissionTracker.com');
INSERT INTO carriers (carrier_id, carrier_name, status, user_email) VALUES ('3fa2a5ed-7191-4024-a4bc-d1e5f4781497', 'NEXT', 'Active', 'Demo@AgentCommissionTracker.com');
INSERT INTO carriers (carrier_id, carrier_name, status, user_email) VALUES ('4c8f5075-2f5d-4f51-af95-56287ded2157', 'Normandy', 'Active', 'Demo@AgentCommissionTracker.com');
INSERT INTO carriers (carrier_id, carrier_name, status, user_email) VALUES ('19802121-7900-499e-97ed-201b60de3426', 'Olympus', 'Active', 'Demo@AgentCommissionTracker.com');
INSERT INTO carriers (carrier_id, carrier_name, status, user_email) VALUES ('ff2f46f0-909c-4840-a83d-7bad01baa84b', 'Orchid', 'Active', 'Demo@AgentCommissionTracker.com');
INSERT INTO carriers (carrier_id, carrier_name, status, user_email) VALUES ('163af6be-34b2-412c-bd48-4b2081fab7ba', 'Ovation', 'Active', 'Demo@AgentCommissionTracker.com');
INSERT INTO carriers (carrier_id, carrier_name, status, user_email) VALUES ('d5250915-2437-435f-9d67-20ba91480173', 'PENN-AMERICA', 'Active', 'Demo@AgentCommissionTracker.com');
INSERT INTO carriers (carrier_id, carrier_name, status, user_email) VALUES ('5eeaa0cb-d6e2-4c8e-80a3-b8b69edaf79c', 'PIE', 'Active', 'Demo@AgentCommissionTracker.com');
INSERT INTO carriers (carrier_id, carrier_name, status, user_email) VALUES ('1e730924-30bd-4650-93c0-845c193fc17a', 'Progressive', 'Active', 'Demo@AgentCommissionTracker.com');
INSERT INTO carriers (carrier_id, carrier_name, status, user_email) VALUES ('0a641495-e422-4883-8997-ecbd9dd85b60', 'RLI Insurance Company', 'Active', 'Demo@AgentCommissionTracker.com');
INSERT INTO carriers (carrier_id, carrier_name, status, user_email) VALUES ('f26d9eef-0776-40c1-a70f-d84af06b9b63', 'Safeco', 'Active', 'Demo@AgentCommissionTracker.com');
INSERT INTO carriers (carrier_id, carrier_name, status, user_email) VALUES ('f2be5141-93cd-4831-adaa-4ed769c45c81', 'Scottsdale Insurance Company', 'Active', 'Demo@AgentCommissionTracker.com');
INSERT INTO carriers (carrier_id, carrier_name, status, user_email) VALUES ('0babe2d7-f581-458c-8bbf-6e1ec5b56fdd', 'Security First', 'Active', 'Demo@AgentCommissionTracker.com');
INSERT INTO carriers (carrier_id, carrier_name, status, user_email) VALUES ('5d569072-111e-4cb5-be63-6d19dc81e9e6', 'Southern Oak', 'Active', 'Demo@AgentCommissionTracker.com');
INSERT INTO carriers (carrier_id, carrier_name, status, user_email) VALUES ('c4598765-99f5-4cb8-8b9d-29e358234ba6', 'Spinnaker', 'Active', 'Demo@AgentCommissionTracker.com');
INSERT INTO carriers (carrier_id, carrier_name, status, user_email) VALUES ('3c9efb6d-0d82-489a-9be8-a1fa9dc4bb36', 'StormPeace', 'Active', 'Demo@AgentCommissionTracker.com');
INSERT INTO carriers (carrier_id, carrier_name, status, user_email) VALUES ('5d5b8c11-d8c6-4c1e-aaa0-285195417918', 'Tapco', 'Active', 'Demo@AgentCommissionTracker.com');
INSERT INTO carriers (carrier_id, carrier_name, status, user_email) VALUES ('ad4efeba-67be-4847-afcf-ed2c0980d726', 'Travelers', 'Active', 'Demo@AgentCommissionTracker.com');
INSERT INTO carriers (carrier_id, carrier_name, status, user_email) VALUES ('4e9d84ae-36e4-45d5-91ac-5a44cf592580', 'TypTap', 'Active', 'Demo@AgentCommissionTracker.com');
INSERT INTO carriers (carrier_id, carrier_name, status, user_email) VALUES ('a2b21eef-28df-4c64-897b-08261c88bd75', 'Universal', 'Active', 'Demo@AgentCommissionTracker.com');
INSERT INTO carriers (carrier_id, carrier_name, status, user_email) VALUES ('99fbbf46-e545-47bd-870c-1d21b82f1a15', 'UPC', 'Active', 'Demo@AgentCommissionTracker.com');
INSERT INTO carriers (carrier_id, carrier_name, status, user_email) VALUES ('99a56d0a-9eb1-4f31-9799-52f2e2e36e6f', 'USLI', 'Active', 'Demo@AgentCommissionTracker.com');
INSERT INTO carriers (carrier_id, carrier_name, status, user_email) VALUES ('5d96f621-80bd-4091-b5e6-0fbbdd47ef9d', 'Velocity', 'Active', 'Demo@AgentCommissionTracker.com');
INSERT INTO carriers (carrier_id, carrier_name, status, user_email) VALUES ('bc0e7590-b51f-4301-b0ed-a23eac974424', 'Voyager Indemnity', 'Active', 'Demo@AgentCommissionTracker.com');
INSERT INTO carriers (carrier_id, carrier_name, status, user_email) VALUES ('6995312c-96f3-4e07-8040-b0524ce2f0dd', 'Wright Flood', 'Active', 'Demo@AgentCommissionTracker.com');

-- STEP 3: INSERT 12 MGAS
INSERT INTO mgas (mga_id, mga_name, status, user_email) VALUES ('04e70bd5-d0e1-4819-923b-299e789452a1', 'Ryan Specialty Group "RTS"', 'Active', 'Demo@AgentCommissionTracker.com');
INSERT INTO mgas (mga_id, mga_name, status, user_email) VALUES ('0c240ee6-b6aa-46c4-b254-d5106dd4928e', 'Attune', 'Active', 'Demo@AgentCommissionTracker.com');
INSERT INTO mgas (mga_id, mga_name, status, user_email) VALUES ('1611c582-bbb9-4435-8a02-c0f5ef16348c', 'Novatae', 'Active', 'Demo@AgentCommissionTracker.com');
INSERT INTO mgas (mga_id, mga_name, status, user_email) VALUES ('2b25ee26-b17b-4870-82d9-a35481fb6393', 'Johnson and Johnson', 'Active', 'Demo@AgentCommissionTracker.com');
INSERT INTO mgas (mga_id, mga_name, status, user_email) VALUES ('51468ebf-6f74-4945-8fef-89ba4eb67c2b', 'Florida Peninsula', 'Active', 'Demo@AgentCommissionTracker.com');
INSERT INTO mgas (mga_id, mga_name, status, user_email) VALUES ('5154916c-4df9-4f63-8e44-02437e5fa427', 'Iroquois', 'Active', 'Demo@AgentCommissionTracker.com');
INSERT INTO mgas (mga_id, mga_name, status, user_email) VALUES ('5ffaad29-3891-4cbc-a933-ce4aa6d558cf', 'Burns & Wilcox', 'Active', 'Demo@AgentCommissionTracker.com');
INSERT INTO mgas (mga_id, mga_name, status, user_email) VALUES ('6b3153bd-6c58-48d8-947d-3b1baf49b3c1', 'SLB Insurance Group', 'Active', 'Demo@AgentCommissionTracker.com');
INSERT INTO mgas (mga_id, mga_name, status, user_email) VALUES ('6b7f55f7-61b4-40cd-b9ed-77ae8b55958b', 'Simon Agency', 'Active', 'Demo@AgentCommissionTracker.com');
INSERT INTO mgas (mga_id, mga_name, status, user_email) VALUES ('704d604c-c4c3-4b70-b0ef-de8d6a8ad0a0', 'Appalachian Underwriters', 'Active', 'Demo@AgentCommissionTracker.com');
INSERT INTO mgas (mga_id, mga_name, status, user_email) VALUES ('7ee0e290-9a4d-4fc8-aaae-c48295d2111d', 'CRC Group', 'Active', 'Demo@AgentCommissionTracker.com');
INSERT INTO mgas (mga_id, mga_name, status, user_email) VALUES ('9b9af310-704a-4e66-b0cd-fdbf28b275c9', 'Advantage Partners', 'Active', 'Demo@AgentCommissionTracker.com');

-- STEP 4: INSERT 78 COMMISSION RULES
INSERT INTO commission_rules (carrier_id, mga_id, state, policy_type, new_rate, renewal_rate, payment_terms, rule_description, user_email, is_default, is_active) VALUES ('030b925d-9397-403f-921a-ba69bb17449c', '9b9af310-704a-4e66-b0cd-fdbf28b275c9', 'FL', NULL, 8.00, 6.00, 'As Earned', 'Mercury through Advantage Partners - pays based on insured payment plan', 'Demo@AgentCommissionTracker.com', false, true);
INSERT INTO commission_rules (carrier_id, mga_id, state, policy_type, new_rate, renewal_rate, payment_terms, rule_description, user_email, is_default, is_active) VALUES ('0a641495-e422-4883-8997-ecbd9dd85b60', NULL, 'FL', NULL, 15.00, 12.00, NULL, NULL, 'Demo@AgentCommissionTracker.com', false, true);
INSERT INTO commission_rules (carrier_id, mga_id, state, policy_type, new_rate, renewal_rate, payment_terms, rule_description, user_email, is_default, is_active) VALUES ('0babe2d7-f581-458c-8bbf-6e1ec5b56fdd', NULL, 'FL', NULL, 13.00, 10.00, NULL, NULL, 'Demo@AgentCommissionTracker.com', false, true);
INSERT INTO commission_rules (carrier_id, mga_id, state, policy_type, new_rate, renewal_rate, payment_terms, rule_description, user_email, is_default, is_active) VALUES ('143b24d8-cbce-4bd6-83bf-017268dfba05', NULL, 'FL', NULL, 10.00, 10.00, NULL, 'Edison standard rate', 'Demo@AgentCommissionTracker.com', true, true);
INSERT INTO commission_rules (carrier_id, mga_id, state, policy_type, new_rate, renewal_rate, payment_terms, rule_description, user_email, is_default, is_active) VALUES ('163af6be-34b2-412c-bd48-4b2081fab7ba', '51468ebf-6f74-4945-8fef-89ba4eb67c2b', 'FL', NULL, 10.00, 10.00, NULL, 'Ovation through Florida Peninsula MGA', 'Demo@AgentCommissionTracker.com', false, true);
INSERT INTO commission_rules (carrier_id, mga_id, state, policy_type, new_rate, renewal_rate, payment_terms, rule_description, user_email, is_default, is_active) VALUES ('19802121-7900-499e-97ed-201b60de3426', NULL, 'FL', NULL, 9.00, 7.00, NULL, 'Olympus standard rate', 'Demo@AgentCommissionTracker.com', true, true);
INSERT INTO commission_rules (carrier_id, mga_id, state, policy_type, new_rate, renewal_rate, payment_terms, rule_description, user_email, is_default, is_active) VALUES ('19b813b8-37ab-4ca7-ac53-f8505cefefa9', NULL, 'FL', NULL, 12.00, 8.00, NULL, 'American Integrity standard rate', 'Demo@AgentCommissionTracker.com', true, true);
INSERT INTO commission_rules (carrier_id, mga_id, state, policy_type, new_rate, renewal_rate, payment_terms, rule_description, user_email, is_default, is_active) VALUES ('1d581c09-71fa-4006-806a-fb120473c9bc', NULL, 'FL', NULL, 8.00, 8.00, NULL, 'Federated National standard rate', 'Demo@AgentCommissionTracker.com', true, true);
INSERT INTO commission_rules (carrier_id, mga_id, state, policy_type, new_rate, renewal_rate, payment_terms, rule_description, user_email, is_default, is_active) VALUES ('1e730924-30bd-4650-93c0-845c193fc17a', NULL, 'FL', 'AUTOB', 10.00, 10.00, NULL, NULL, 'Demo@AgentCommissionTracker.com', false, true);
INSERT INTO commission_rules (carrier_id, mga_id, state, policy_type, new_rate, renewal_rate, payment_terms, rule_description, user_email, is_default, is_active) VALUES ('1e730924-30bd-4650-93c0-845c193fc17a', NULL, 'FL', 'AUTOP', 14.00, 10.00, NULL, NULL, 'Demo@AgentCommissionTracker.com', false, true);
INSERT INTO commission_rules (carrier_id, mga_id, state, policy_type, new_rate, renewal_rate, payment_terms, rule_description, user_email, is_default, is_active) VALUES ('1e730924-30bd-4650-93c0-845c193fc17a', NULL, 'FL', 'Boat', 10.00, 10.00, NULL, 'Progressive Boat insurance', 'Demo@AgentCommissionTracker.com', false, true);
INSERT INTO commission_rules (carrier_id, mga_id, state, policy_type, new_rate, renewal_rate, payment_terms, rule_description, user_email, is_default, is_active) VALUES ('1e730924-30bd-4650-93c0-845c193fc17a', NULL, 'FL', 'Renters', 15.00, 15.00, NULL, 'Progressive Renters insurance', 'Demo@AgentCommissionTracker.com', false, true);
INSERT INTO commission_rules (carrier_id, mga_id, state, policy_type, new_rate, renewal_rate, payment_terms, rule_description, user_email, is_default, is_active) VALUES ('236b46a0-b96e-4142-8dc6-bfc668bdce83', NULL, 'FL', NULL, 18.00, 15.00, NULL, 'National General Flood rate', 'Demo@AgentCommissionTracker.com', true, true);
INSERT INTO commission_rules (carrier_id, mga_id, state, policy_type, new_rate, renewal_rate, payment_terms, rule_description, user_email, is_default, is_active) VALUES ('284046f3-f4a7-444a-8d70-ffdb029f901b', '2b25ee26-b17b-4870-82d9-a35481fb6393', 'FL', NULL, 10.00, 10.00, NULL, NULL, 'Demo@AgentCommissionTracker.com', false, true);
INSERT INTO commission_rules (carrier_id, mga_id, state, policy_type, new_rate, renewal_rate, payment_terms, rule_description, user_email, is_default, is_active) VALUES ('306c84ed-6204-4122-9ab7-034d0dcdbd97', '0c240ee6-b6aa-46c4-b254-d5106dd4928e', 'FL', NULL, 12.50, 12.50, NULL, NULL, 'Demo@AgentCommissionTracker.com', false, true);
INSERT INTO commission_rules (carrier_id, mga_id, state, policy_type, new_rate, renewal_rate, payment_terms, rule_description, user_email, is_default, is_active) VALUES ('3c9efb6d-0d82-489a-9be8-a1fa9dc4bb36', NULL, 'FL', NULL, 10.00, 10.00, NULL, 'StormPeace standard rate', 'Demo@AgentCommissionTracker.com', true, true);
INSERT INTO commission_rules (carrier_id, mga_id, state, policy_type, new_rate, renewal_rate, payment_terms, rule_description, user_email, is_default, is_active) VALUES ('3fa2a5ed-7191-4024-a4bc-d1e5f4781497', '6b7f55f7-61b4-40cd-b9ed-77ae8b55958b', 'FL', 'GL', 10.00, 9.00, NULL, 'NEXT General Liability through Simon Agency', 'Demo@AgentCommissionTracker.com', false, true);
INSERT INTO commission_rules (carrier_id, mga_id, state, policy_type, new_rate, renewal_rate, payment_terms, rule_description, user_email, is_default, is_active) VALUES ('3fa2a5ed-7191-4024-a4bc-d1e5f4781497', '6b7f55f7-61b4-40cd-b9ed-77ae8b55958b', 'FL', 'WC', 7.00, 7.00, NULL, 'NEXT Workers Comp through Simon Agency', 'Demo@AgentCommissionTracker.com', false, true);
INSERT INTO commission_rules (carrier_id, mga_id, state, policy_type, new_rate, renewal_rate, payment_terms, rule_description, user_email, is_default, is_active) VALUES ('487864a6-8261-4f02-9dd6-09f5668a4721', '6b3153bd-6c58-48d8-947d-3b1baf49b3c1', 'FL', NULL, 10.00, 10.00, NULL, NULL, 'Demo@AgentCommissionTracker.com', false, true);
INSERT INTO commission_rules (carrier_id, mga_id, state, policy_type, new_rate, renewal_rate, payment_terms, rule_description, user_email, is_default, is_active) VALUES ('487864a6-8261-4f02-9dd6-09f5668a4721', '704d604c-c4c3-4b70-b0ef-de8d6a8ad0a0', 'FL', NULL, 10.00, 10.00, 'As Earned', NULL, 'Demo@AgentCommissionTracker.com', false, true);
INSERT INTO commission_rules (carrier_id, mga_id, state, policy_type, new_rate, renewal_rate, payment_terms, rule_description, user_email, is_default, is_active) VALUES ('4b2213e5-a8eb-4b5c-bf35-e81532fa21ec', NULL, 'FL', NULL, 12.00, 12.00, 'As Earned', 'National General - pays based on insured payment plan', 'Demo@AgentCommissionTracker.com', true, true);
INSERT INTO commission_rules (carrier_id, mga_id, state, policy_type, new_rate, renewal_rate, payment_terms, rule_description, user_email, is_default, is_active) VALUES ('4b7e886f-3cd6-46a0-8511-9bba7c1c19b3', NULL, 'FL', NULL, 10.00, 10.00, NULL, 'Florida Peninsula standard rate', 'Demo@AgentCommissionTracker.com', true, true);
INSERT INTO commission_rules (carrier_id, mga_id, state, policy_type, new_rate, renewal_rate, payment_terms, rule_description, user_email, is_default, is_active) VALUES ('4c8f5075-2f5d-4f51-af95-56287ded2157', NULL, 'FL', NULL, 12.00, 12.00, NULL, 'Normandy standard rate', 'Demo@AgentCommissionTracker.com', true, true);
INSERT INTO commission_rules (carrier_id, mga_id, state, policy_type, new_rate, renewal_rate, payment_terms, rule_description, user_email, is_default, is_active) VALUES ('4e9d84ae-36e4-45d5-91ac-5a44cf592580', NULL, 'FL', NULL, 20.00, 10.00, NULL, 'TypTap standard rate', 'Demo@AgentCommissionTracker.com', true, true);
INSERT INTO commission_rules (carrier_id, mga_id, state, policy_type, new_rate, renewal_rate, payment_terms, rule_description, user_email, is_default, is_active) VALUES ('4fa9aabe-af63-466e-95f8-46c42b11970f', NULL, 'FL', NULL, 10.00, 8.00, NULL, 'Bristol West standard rate', 'Demo@AgentCommissionTracker.com', true, true);
INSERT INTO commission_rules (carrier_id, mga_id, state, policy_type, new_rate, renewal_rate, payment_terms, rule_description, user_email, is_default, is_active) VALUES ('4fcc6514-ae41-4d88-baf0-c13922884219', '6b7f55f7-61b4-40cd-b9ed-77ae8b55958b', 'FL', NULL, 10.00, 10.00, NULL, NULL, 'Demo@AgentCommissionTracker.com', false, true);
INSERT INTO commission_rules (carrier_id, mga_id, state, policy_type, new_rate, renewal_rate, payment_terms, rule_description, user_email, is_default, is_active) VALUES ('532ba993-088d-4b2e-8463-c0ac2104ae09', '2b25ee26-b17b-4870-82d9-a35481fb6393', 'FL', 'WC', 5.00, 5.00, NULL, NULL, 'Demo@AgentCommissionTracker.com', false, true);
INSERT INTO commission_rules (carrier_id, mga_id, state, policy_type, new_rate, renewal_rate, payment_terms, rule_description, user_email, is_default, is_active) VALUES ('55a10f3a-3ff0-4476-825d-d1464c940771', NULL, 'FL', NULL, 15.50, 11.50, NULL, 'Hartford Flood standard rate', 'Demo@AgentCommissionTracker.com', true, true);
INSERT INTO commission_rules (carrier_id, mga_id, state, policy_type, new_rate, renewal_rate, payment_terms, rule_description, user_email, is_default, is_active) VALUES ('5d569072-111e-4cb5-be63-6d19dc81e9e6', NULL, 'FL', NULL, 10.00, 8.50, NULL, 'Southern Oak standard rate', 'Demo@AgentCommissionTracker.com', true, true);
INSERT INTO commission_rules (carrier_id, mga_id, state, policy_type, new_rate, renewal_rate, payment_terms, rule_description, user_email, is_default, is_active) VALUES ('5d5b8c11-d8c6-4c1e-aaa0-285195417918', NULL, 'FL', NULL, 10.00, 10.00, NULL, NULL, 'Demo@AgentCommissionTracker.com', false, true);
INSERT INTO commission_rules (carrier_id, mga_id, state, policy_type, new_rate, renewal_rate, payment_terms, rule_description, user_email, is_default, is_active) VALUES ('5d96f621-80bd-4091-b5e6-0fbbdd47ef9d', '9b9af310-704a-4e66-b0cd-fdbf28b275c9', 'FL', NULL, 12.00, 10.00, NULL, 'Velocity through Advantage Partners', 'Demo@AgentCommissionTracker.com', false, true);
INSERT INTO commission_rules (carrier_id, mga_id, state, policy_type, new_rate, renewal_rate, payment_terms, rule_description, user_email, is_default, is_active) VALUES ('5eeaa0cb-d6e2-4c8e-80a3-b8b69edaf79c', NULL, 'FL', NULL, 12.00, 12.00, NULL, NULL, 'Demo@AgentCommissionTracker.com', false, true);
INSERT INTO commission_rules (carrier_id, mga_id, state, policy_type, new_rate, renewal_rate, payment_terms, rule_description, user_email, is_default, is_active) VALUES ('6995312c-96f3-4e07-8040-b0524ce2f0dd', NULL, 'FL', NULL, 15.00, 15.00, NULL, 'Wright Flood standard rate', 'Demo@AgentCommissionTracker.com', true, true);
INSERT INTO commission_rules (carrier_id, mga_id, state, policy_type, new_rate, renewal_rate, payment_terms, rule_description, user_email, is_default, is_active) VALUES ('755c688f-c703-4f93-ba21-f891581d33e4', '1611c582-bbb9-4435-8a02-c0f5ef16348c', 'FL', 'WC', 7.00, 7.00, NULL, NULL, 'Demo@AgentCommissionTracker.com', false, true);
INSERT INTO commission_rules (carrier_id, mga_id, state, policy_type, new_rate, renewal_rate, payment_terms, rule_description, user_email, is_default, is_active) VALUES ('788ca1bf-5cd5-487e-bafb-b3cab5137f51', NULL, 'FL', NULL, 10.00, 10.00, NULL, 'Allrisk standard rate', 'Demo@AgentCommissionTracker.com', true, true);
INSERT INTO commission_rules (carrier_id, mga_id, state, policy_type, new_rate, renewal_rate, payment_terms, rule_description, user_email, is_default, is_active) VALUES ('7a83b665-0ae8-4c1f-87a7-3d6e56405b29', NULL, 'FL', NULL, 12.00, 12.00, 'Advanced', 'Neptune - pays on full premium', 'Demo@AgentCommissionTracker.com', true, true);
INSERT INTO commission_rules (carrier_id, mga_id, state, policy_type, new_rate, renewal_rate, payment_terms, rule_description, user_email, is_default, is_active) VALUES ('8fbf5b1a-6882-4c9d-91d7-129b628e7d38', '6b3153bd-6c58-48d8-947d-3b1baf49b3c1', 'FL', NULL, 10.00, 10.00, NULL, NULL, 'Demo@AgentCommissionTracker.com', false, true);
INSERT INTO commission_rules (carrier_id, mga_id, state, policy_type, new_rate, renewal_rate, payment_terms, rule_description, user_email, is_default, is_active) VALUES ('96f97131-66a2-4751-b0a1-52e44a761600', '704d604c-c4c3-4b70-b0ef-de8d6a8ad0a0', 'FL', NULL, 10.00, 10.00, NULL, NULL, 'Demo@AgentCommissionTracker.com', false, true);
INSERT INTO commission_rules (carrier_id, mga_id, state, policy_type, new_rate, renewal_rate, payment_terms, rule_description, user_email, is_default, is_active) VALUES ('976e8f47-4258-4245-a138-10418df56c40', '704d604c-c4c3-4b70-b0ef-de8d6a8ad0a0', 'FL', NULL, 7.00, 7.00, NULL, NULL, 'Demo@AgentCommissionTracker.com', false, true);
INSERT INTO commission_rules (carrier_id, mga_id, state, policy_type, new_rate, renewal_rate, payment_terms, rule_description, user_email, is_default, is_active) VALUES ('9825c606-52ee-4038-b381-ba7b5ac6d24c', NULL, 'FL', NULL, 11.00, 11.00, NULL, 'Heritage standard rate', 'Demo@AgentCommissionTracker.com', true, true);
INSERT INTO commission_rules (carrier_id, mga_id, state, policy_type, new_rate, renewal_rate, payment_terms, rule_description, user_email, is_default, is_active) VALUES ('99a56d0a-9eb1-4f31-9799-52f2e2e36e6f', '6b7f55f7-61b4-40cd-b9ed-77ae8b55958b', 'FL', NULL, 12.50, 12.50, NULL, NULL, 'Demo@AgentCommissionTracker.com', false, true);
INSERT INTO commission_rules (carrier_id, mga_id, state, policy_type, new_rate, renewal_rate, payment_terms, rule_description, user_email, is_default, is_active) VALUES ('99fbbf46-e545-47bd-870c-1d21b82f1a15', NULL, 'FL', NULL, 12.00, 8.00, NULL, 'UPC standard rate', 'Demo@AgentCommissionTracker.com', true, true);
INSERT INTO commission_rules (carrier_id, mga_id, state, policy_type, new_rate, renewal_rate, payment_terms, rule_description, user_email, is_default, is_active) VALUES ('9b379e14-1ac2-492e-900a-d8f4b1cdddfe', NULL, 'FL', NULL, 14.00, 11.50, NULL, 'No FL rates! Based on MI Carrier Commission Report ', 'Demo@AgentCommissionTracker.com', false, true);
INSERT INTO commission_rules (carrier_id, mga_id, state, policy_type, new_rate, renewal_rate, payment_terms, rule_description, user_email, is_default, is_active) VALUES ('a2b21eef-28df-4c64-897b-08261c88bd75', NULL, 'FL', NULL, 12.00, 8.00, NULL, 'Universal standard rate', 'Demo@AgentCommissionTracker.com', true, true);
INSERT INTO commission_rules (carrier_id, mga_id, state, policy_type, new_rate, renewal_rate, payment_terms, rule_description, user_email, is_default, is_active) VALUES ('aca65703-aeb1-4734-98ad-5a041875d901', '5154916c-4df9-4f63-8e44-02437e5fa427', 'FL', NULL, 20.00, 20.00, NULL, 'CNA through Iroquois MGA', 'Demo@AgentCommissionTracker.com', false, true);
INSERT INTO commission_rules (carrier_id, mga_id, state, policy_type, new_rate, renewal_rate, payment_terms, rule_description, user_email, is_default, is_active) VALUES ('ad4efeba-67be-4847-afcf-ed2c0980d726', NULL, 'FL', NULL, 12.00, 12.00, NULL, NULL, 'Demo@AgentCommissionTracker.com', false, true);
INSERT INTO commission_rules (carrier_id, mga_id, state, policy_type, new_rate, renewal_rate, payment_terms, rule_description, user_email, is_default, is_active) VALUES ('ad4efeba-67be-4847-afcf-ed2c0980d726', NULL, 'FL', 'Umbrella', 10.00, 10.00, NULL, 'Travelers Umbrella product', 'Demo@AgentCommissionTracker.com', false, true);
INSERT INTO commission_rules (carrier_id, mga_id, state, policy_type, new_rate, renewal_rate, payment_terms, rule_description, user_email, is_default, is_active) VALUES ('b09d3fff-88a1-43d2-9c12-702e07dcd44e', '6b7f55f7-61b4-40cd-b9ed-77ae8b55958b', 'FL', NULL, 10.00, 10.00, NULL, NULL, 'Demo@AgentCommissionTracker.com', false, true);
INSERT INTO commission_rules (carrier_id, mga_id, state, policy_type, new_rate, renewal_rate, payment_terms, rule_description, user_email, is_default, is_active) VALUES ('b66d51cb-ae0b-4e35-b158-48977e02730f', NULL, 'FL', NULL, 15.00, 12.50, 'As Earned', 'Foremost - pays based on insured payment plan', 'Demo@AgentCommissionTracker.com', true, true);
INSERT INTO commission_rules (carrier_id, mga_id, state, policy_type, new_rate, renewal_rate, payment_terms, rule_description, user_email, is_default, is_active) VALUES ('b72a5abf-01bc-4c3f-a16b-706479ae61be', NULL, 'FL', NULL, 10.00, 10.00, 'As Earned', 'Cabrillo - pays based on insured payment plan', 'Demo@AgentCommissionTracker.com', true, true);
INSERT INTO commission_rules (carrier_id, mga_id, state, policy_type, new_rate, renewal_rate, payment_terms, rule_description, user_email, is_default, is_active) VALUES ('ba7cc9d9-4fef-4e81-a95d-7980d39b6db0', '04e70bd5-d0e1-4819-923b-299e789452a1', 'FL', NULL, 10.00, 10.00, NULL, NULL, 'Demo@AgentCommissionTracker.com', false, true);
INSERT INTO commission_rules (carrier_id, mga_id, state, policy_type, new_rate, renewal_rate, payment_terms, rule_description, user_email, is_default, is_active) VALUES ('ba7cc9d9-4fef-4e81-a95d-7980d39b6db0', '2b25ee26-b17b-4870-82d9-a35481fb6393', 'FL', NULL, 10.00, 10.00, NULL, NULL, 'Demo@AgentCommissionTracker.com', false, true);
INSERT INTO commission_rules (carrier_id, mga_id, state, policy_type, new_rate, renewal_rate, payment_terms, rule_description, user_email, is_default, is_active) VALUES ('ba7cc9d9-4fef-4e81-a95d-7980d39b6db0', '7ee0e290-9a4d-4fc8-aaae-c48295d2111d', 'FL', NULL, 10.00, 10.00, NULL, NULL, 'Demo@AgentCommissionTracker.com', false, true);
INSERT INTO commission_rules (carrier_id, mga_id, state, policy_type, new_rate, renewal_rate, payment_terms, rule_description, user_email, is_default, is_active) VALUES ('ba84dc56-c0d8-46c9-bac5-3ab69f86344a', '5ffaad29-3891-4cbc-a933-ce4aa6d558cf', 'FL', NULL, 10.00, 10.00, NULL, NULL, 'Demo@AgentCommissionTracker.com', false, true);
INSERT INTO commission_rules (carrier_id, mga_id, state, policy_type, new_rate, renewal_rate, payment_terms, rule_description, user_email, is_default, is_active) VALUES ('bac81741-e7b1-4725-8250-7bf4a6910df0', NULL, 'FL', NULL, 8.00, 8.00, NULL, 'Monarch standard rate', 'Demo@AgentCommissionTracker.com', true, true);
INSERT INTO commission_rules (carrier_id, mga_id, state, policy_type, new_rate, renewal_rate, payment_terms, rule_description, user_email, is_default, is_active) VALUES ('bc0e7590-b51f-4301-b0ed-a23eac974424', '2b25ee26-b17b-4870-82d9-a35481fb6393', 'FL', NULL, 10.00, 10.00, NULL, NULL, 'Demo@AgentCommissionTracker.com', false, true);
INSERT INTO commission_rules (carrier_id, mga_id, state, policy_type, new_rate, renewal_rate, payment_terms, rule_description, user_email, is_default, is_active) VALUES ('c4598765-99f5-4cb8-8b9d-29e358234ba6', NULL, 'FL', NULL, 10.00, 10.00, NULL, 'Spinnaker standard rate', 'Demo@AgentCommissionTracker.com', true, true);
INSERT INTO commission_rules (carrier_id, mga_id, state, policy_type, new_rate, renewal_rate, payment_terms, rule_description, user_email, is_default, is_active) VALUES ('c56b476c-9d1d-43e2-b8bb-8a837d1f10ab', NULL, 'FL', 'Auto,BOP,Umbrella', 15.00, 15.00, NULL, 'Chubb Auto/BOP/Umbrella products', 'Demo@AgentCommissionTracker.com', false, true);
INSERT INTO commission_rules (carrier_id, mga_id, state, policy_type, new_rate, renewal_rate, payment_terms, rule_description, user_email, is_default, is_active) VALUES ('c56b476c-9d1d-43e2-b8bb-8a837d1f10ab', NULL, 'FL', 'Cyber', 18.00, 15.00, NULL, 'Chubb Cyber Liability', 'Demo@AgentCommissionTracker.com', false, true);
INSERT INTO commission_rules (carrier_id, mga_id, state, policy_type, new_rate, renewal_rate, payment_terms, rule_description, user_email, is_default, is_active) VALUES ('c9beaed2-3fb5-4446-b5c0-c266c651aea5', NULL, 'FL', NULL, 15.00, 11.00, 'As Earned', 'NET COMMISSION IS BASED ON NON-HURRICANE PREMIUM! ', 'Demo@AgentCommissionTracker.com', true, true);
INSERT INTO commission_rules (carrier_id, mga_id, state, policy_type, new_rate, renewal_rate, payment_terms, rule_description, user_email, is_default, is_active) VALUES ('c9d958e0-0eb8-42c9-80ac-ef68502f3b60', NULL, 'FL', NULL, 10.00, 10.00, NULL, 'Citizens standard rate - all policy types', 'Demo@AgentCommissionTracker.com', true, true);
INSERT INTO commission_rules (carrier_id, mga_id, state, policy_type, new_rate, renewal_rate, payment_terms, rule_description, user_email, is_default, is_active) VALUES ('d4e92de2-a268-459a-afd4-4a43c9a489fd', '704d604c-c4c3-4b70-b0ef-de8d6a8ad0a0', 'FL', NULL, 10.00, 10.00, NULL, NULL, 'Demo@AgentCommissionTracker.com', false, true);
INSERT INTO commission_rules (carrier_id, mga_id, state, policy_type, new_rate, renewal_rate, payment_terms, rule_description, user_email, is_default, is_active) VALUES ('d5250915-2437-435f-9d67-20ba91480173', '6b7f55f7-61b4-40cd-b9ed-77ae8b55958b', 'FL', NULL, 10.00, 10.00, NULL, NULL, 'Demo@AgentCommissionTracker.com', false, true);
INSERT INTO commission_rules (carrier_id, mga_id, state, policy_type, new_rate, renewal_rate, payment_terms, rule_description, user_email, is_default, is_active) VALUES ('ed62a40c-8e4f-4abb-98ff-1d66c0ff7cdc', '2b25ee26-b17b-4870-82d9-a35481fb6393', 'FL', NULL, 12.50, 12.50, NULL, NULL, 'Demo@AgentCommissionTracker.com', false, true);
INSERT INTO commission_rules (carrier_id, mga_id, state, policy_type, new_rate, renewal_rate, payment_terms, rule_description, user_email, is_default, is_active) VALUES ('ef292d2d-7090-40b6-bbc5-77d8b29753ad', NULL, 'FL', 'Umbrella', 10.00, 10.00, NULL, 'AAA Umbrella products', 'Demo@AgentCommissionTracker.com', false, true);
INSERT INTO commission_rules (carrier_id, mga_id, state, policy_type, new_rate, renewal_rate, payment_terms, rule_description, user_email, is_default, is_active) VALUES ('ef292d2d-7090-40b6-bbc5-77d8b29753ad', NULL, 'FL', 'Home,Membership', 15.00, 15.00, NULL, 'AAA Home and Membership products', 'Demo@AgentCommissionTracker.com', false, true);
INSERT INTO commission_rules (carrier_id, mga_id, state, policy_type, new_rate, renewal_rate, payment_terms, rule_description, user_email, is_default, is_active) VALUES ('ef292d2d-7090-40b6-bbc5-77d8b29753ad', NULL, 'FL', 'Auto,Package', 12.00, 12.00, NULL, 'AAA Auto and Package products', 'Demo@AgentCommissionTracker.com', false, true);
INSERT INTO commission_rules (carrier_id, mga_id, state, policy_type, new_rate, renewal_rate, payment_terms, rule_description, user_email, is_default, is_active) VALUES ('ef292d2d-7090-40b6-bbc5-77d8b29753ad', NULL, 'FL', 'PACKAGE-P', 12.00, 12.00, NULL, 'AAA Auto and Package products', 'Demo@AgentCommissionTracker.com', false, true);
INSERT INTO commission_rules (carrier_id, mga_id, state, policy_type, new_rate, renewal_rate, payment_terms, rule_description, user_email, is_default, is_active) VALUES ('f26d9eef-0776-40c1-a70f-d84af06b9b63', NULL, 'FL', 'Auto', 12.00, 10.00, NULL, 'Safeco Auto insurance', 'Demo@AgentCommissionTracker.com', false, true);
INSERT INTO commission_rules (carrier_id, mga_id, state, policy_type, new_rate, renewal_rate, payment_terms, rule_description, user_email, is_default, is_active) VALUES ('f26d9eef-0776-40c1-a70f-d84af06b9b63', NULL, 'FL', 'Home', 15.00, 15.00, NULL, 'Safeco Home insurance', 'Demo@AgentCommissionTracker.com', false, true);
INSERT INTO commission_rules (carrier_id, mga_id, state, policy_type, new_rate, renewal_rate, payment_terms, rule_description, user_email, is_default, is_active) VALUES ('f2be5141-93cd-4831-adaa-4ed769c45c81', '04e70bd5-d0e1-4819-923b-299e789452a1', 'FL', NULL, 10.00, 10.00, NULL, NULL, 'Demo@AgentCommissionTracker.com', false, true);
INSERT INTO commission_rules (carrier_id, mga_id, state, policy_type, new_rate, renewal_rate, payment_terms, rule_description, user_email, is_default, is_active) VALUES ('f2be5141-93cd-4831-adaa-4ed769c45c81', '7ee0e290-9a4d-4fc8-aaae-c48295d2111d', 'FL', NULL, 10.00, 10.00, NULL, NULL, 'Demo@AgentCommissionTracker.com', false, true);
INSERT INTO commission_rules (carrier_id, mga_id, state, policy_type, new_rate, renewal_rate, payment_terms, rule_description, user_email, is_default, is_active) VALUES ('f344bcae-cc94-4035-aee2-86bfabe2eec1', NULL, 'FL', NULL, 12.50, 12.50, NULL, 'Attune standard rate', 'Demo@AgentCommissionTracker.com', true, true);
INSERT INTO commission_rules (carrier_id, mga_id, state, policy_type, new_rate, renewal_rate, payment_terms, rule_description, user_email, is_default, is_active) VALUES ('fa27a2c8-44b1-4889-afd9-54a39ef89cb5', NULL, 'FL', NULL, 10.00, 10.00, NULL, 'Hagerty specialty auto rate', 'Demo@AgentCommissionTracker.com', true, true);
INSERT INTO commission_rules (carrier_id, mga_id, state, policy_type, new_rate, renewal_rate, payment_terms, rule_description, user_email, is_default, is_active) VALUES ('fa3045d2-b097-4d5a-8e11-519d15a7f751', '04e70bd5-d0e1-4819-923b-299e789452a1', 'FL', NULL, 10.00, 10.00, NULL, NULL, 'Demo@AgentCommissionTracker.com', false, true);
INSERT INTO commission_rules (carrier_id, mga_id, state, policy_type, new_rate, renewal_rate, payment_terms, rule_description, user_email, is_default, is_active) VALUES ('fa3045d2-b097-4d5a-8e11-519d15a7f751', '6b3153bd-6c58-48d8-947d-3b1baf49b3c1', 'FL', NULL, 10.00, 10.00, NULL, NULL, 'Demo@AgentCommissionTracker.com', false, true);
INSERT INTO commission_rules (carrier_id, mga_id, state, policy_type, new_rate, renewal_rate, payment_terms, rule_description, user_email, is_default, is_active) VALUES ('fa3045d2-b097-4d5a-8e11-519d15a7f751', '7ee0e290-9a4d-4fc8-aaae-c48295d2111d', 'FL', NULL, 10.00, 10.00, NULL, NULL, 'Demo@AgentCommissionTracker.com', false, true);
INSERT INTO commission_rules (carrier_id, mga_id, state, policy_type, new_rate, renewal_rate, payment_terms, rule_description, user_email, is_default, is_active) VALUES ('ff2f46f0-909c-4840-a83d-7bad01baa84b', NULL, 'FL', NULL, 10.00, 8.00, NULL, 'Orchid standard rate', 'Demo@AgentCommissionTracker.com', true, true);

-- STEP 5: VERIFY THE IMPORT
SELECT 'IMPORT COMPLETE!' as status;
SELECT 'Demo account now has:' as summary
UNION ALL
SELECT '  - ' || COUNT(*) || ' Active Carriers' FROM carriers WHERE user_email = 'Demo@AgentCommissionTracker.com' AND status = 'Active'
UNION ALL
SELECT '  - ' || COUNT(*) || ' Active MGAs' FROM mgas WHERE user_email = 'Demo@AgentCommissionTracker.com' AND status = 'Active'
UNION ALL
SELECT '  - ' || COUNT(*) || ' Active Commission Rules' FROM commission_rules WHERE user_email = 'Demo@AgentCommissionTracker.com' AND is_active = true;

-- IMPORTANT: After running this script, logout and login again as Demo@AgentCommissionTracker.com